joke_id,text,category,source
23,"The glass is neither half-full nor half-empty, the glass is twice as big as it needs to be.",Programming,jokeapi
54,"Your momma is so fat, you need to switch to NTFS to store a picture of her.",Programming,jokeapi
273,"I hate double standards. Burn a body at a crematorium, you're ""being a respectful friend."" Do it at home and you're ""destroying evidence.""",Dark,jokeapi
36,"""Knock, knock.""
""Who's there?""

[very long pause]

""Java.""",Programming,jokeapi
40,Debugging: Removing the needles from the haystack.,Programming,jokeapi
203,"I bought some shoes from a drug dealer. I don't know what he laced them with, but I was tripping all day!",Pun,jokeapi
28,"Two C strings walk into a bar.
The bartender asks ""What can I get ya?""
The first string says ""I'll have a gin and tonic.""
The second string thinks for a minute, then says ""I'll take a tequila sunriseJF()#$JF(#)$(@J#()$@#())!*FNIN!OBN134ufh1ui34hf9813f8h8384h981h3984h5F!##@""
The first string apologizes, ""You'll have to excuse my friend, he's not null-terminated.""",Programming,jokeapi
50,Algorithm: A word used by programmers when they don't want to explain how their code works.,Programming,jokeapi
184,"Two fish in a tank. One turns to the other and says, ""Do you know how to drive this thing?""",Pun,jokeapi
73,"A horse walks into a bar.
""Hey"", the Bartender says.
""Sure"", the horse replies.",Pun,jokeapi
131,"Four engineers get into a car. The car won't start.
The Mechanical engineer says ""It's a broken starter"".
The Electrical engineer says ""Dead battery"".
The Chemical engineer says ""Impurities in the gasoline"".
The IT engineer says ""Hey guys, I have an idea: How about we all get out of the car and get back in"".",Programming,jokeapi
0,I've got a really good UDP joke to tell you but I don’t know if you'll get it.,Programming,jokeapi
151,My ex had an accident. I told the paramedics the wrong blood type for her. She'll finally experience what rejection is really like.,Dark,jokeapi
3,"A programmer puts two glasses on his bedside table before going to sleep.
A full one, in case he gets thirsty, and an empty one, in case he doesn't.",Programming,jokeapi
200,"My wife is really mad at the fact that I have no sense of direction.
So I packed up my stuff and right.",Misc,jokeapi
33,"Today I learned that changing random stuff until your program works is ""hacky"" and a ""bad coding practice"" but if you do it fast enough it's ""Machine Learning"" and pays 4x your current salary.",Programming,jokeapi
4,"Java and C were telling jokes. It was C's turn, so he writes something on the wall, points to it and says ""Do you get the reference?"" But Java didn't.",Programming,jokeapi
274,"My girlfriend's dog died, so I tried to cheer her up by getting her an identical one. It just made her more upset. She screamed at me, ""What am I supposed to do with two dead dogs?""",Dark,jokeapi
303,I visited my friend at his new house. He told me to make myself at home. So I threw him out. I hate having visitors.,Misc,jokeapi
207,"I'll never forget my Granddad's last words to me just before he died. ""Are you still holding the ladder?""",Dark,jokeapi
164,"My little daughter came to me all excited, saying ""Daddy! Daddy! Guess how old I'll be in June!""
""Oh I don't know princess, why don't you tell me?"" I said. She gave me a huge smile and held up four fingers.
It's now three hours later, police have joined in and she still won't say where she got them.",Dark,jokeapi
35,There are only 10 kinds of people in this world: those who know binary and those who don't.,Programming,jokeapi
138,"If you're here for the yodeling lesson, please form an orderly orderly orderly queue.",Misc,jokeapi
220,"Two SQL tables sit at the bar. A query approaches and asks ""Can I join you?""",Programming,jokeapi
24,"A byte walks into a bar looking miserable.
The bartender asks it: ""What's wrong buddy?""
""Parity error."" it replies. 
""Ah that makes sense, I thought you looked a bit off.""",Programming,jokeapi
177,"My grandfather says I'm too reliant on technology.
I called him a hypocrite and unplugged his life support.",Dark,jokeapi
39,The generation of random numbers is too important to be left to chance.,Programming,jokeapi
287,"A perfectionist walked into a bar... apparently, the bar was not set high enough.",Misc,jokeapi
194,Relationship Status: just tried to reach for my dog's paw and he pulled it away so I pretended I was reaching for the remote.,Misc,jokeapi
22,"If Bill Gates had a dime for every time Windows crashed ... Oh wait, he does.",Programming,jokeapi
305,"Yo mama is so old, she knew Burger King while he was still a prince.",Misc,jokeapi
42,Debugging is like being the detective in a crime movie where you're also the murderer at the same time.,Programming,jokeapi
95,I didn't vaccinate my 10 kids and the one that survived is fine!,Dark,jokeapi
34,"Eight bytes walk into a bar.
The bartender asks, ""Can I get you anything?""
""Yeah,"" reply the bytes.
""Make us a double.""",Programming,jokeapi
25,"ASCII silly question, get a silly ANSI.",Programming,jokeapi
256,"My wife and I have reached the difficult decision that we do not want children.
If anybody does, please just send me your contact details and we can drop them off tomorrow.",Misc,jokeapi
44,"Have a great weekend!
I hope your code behaves the same on Monday as it did on Friday.",Programming,jokeapi
9,Your mama's so FAT she can't save files bigger than 4GB.,Programming,jokeapi
137,"Doctor: ""I have some news about your baby.""
Parents: ""Don't tell us the gender, we want to keep it a surprise.""
Doctor: ""Oh I get it, you're those type of people. Okay, well IT is not breathing.""",Dark,jokeapi
258,UDP is better in the COVID era since it avoids unnecessary handshakes.,Programming,jokeapi
190,"To whoever stole my copy of Microsoft Office, I will find you. You have my Word!",Pun,jokeapi
318,I'd tell you a joke about NAT but I would have to translate.,Programming,jokeapi
219,"I was struggling to figure out how lightning works, but then it struck me.",Pun,jokeapi
125,I'm reading a book about anti-gravity. It's impossible to put down!,Pun,jokeapi
179,"Knock knock.
Who's there?
Recursion.
Recursion who?
Knock knock.",Programming,jokeapi
41,"Hey Girl,
Roses are #ff0000,
Violets are #0000ff,
I use hex codes,
But I'd use RGB for you.",Programming,jokeapi
45,"Judge: ""I sentence you to the maximum punishment...""
Me (thinking): ""Please be death, please be death...""
Judge: ""Learn Java!""
Me: ""Damn.""",Programming,jokeapi
270,Never date a baker. They're too kneady.,Misc,jokeapi
235,I was reading a great book about an immortal dog the other day. It was impossible to put down.,Pun,jokeapi
236,"I have a fish that can breakdance! Only for 20 seconds though, and only once.",Dark,jokeapi
122,"The six stages of debugging:
1. That can't happen.
2. That doesn't happen on my machine.
3. That shouldn't happen.
4. Why does that happen?
5. Oh, I see.
6. How did that ever work?",Programming,jokeapi
89,Oysters hate to give away their pearls because they are shellfish.,Pun,jokeapi
300,"I have a joke about Stack Overflow, but you would say it's a duplicate.",Programming,jokeapi
81,"I have these weird muscle spasms in my gluteus maximus.
I figured out from my doctor that everything was alright:
He said ""Weird flex, butt okay.""",Pun,jokeapi
183,Being a self-taught developer is almost the same as being a cut neck chicken because you have no sense of direction in the beginning.,Programming,jokeapi
38,"A man is smoking a cigarette and blowing smoke rings into the air. His girlfriend becomes irritated with the smoke and says ""Can't you see the warning on the cigarette pack? Smoking is hazardous to your health!"" to which the man replies, ""I am a programmer.  We don't worry about warnings; we only worry about errors.""",Programming,jokeapi
196,Schrödinger's cat walks into a bar and doesn't.,Misc,jokeapi
237,"I have a joke about trickle down economics, but 99% of you will never get it.",Pun,jokeapi
2,"A guy walks into a bar and asks for 1.4 root beers.
The bartender says ""I'll have to charge you extra, that's a root beer float"".
The guy says ""In that case, better make it a double.""",Programming,jokeapi
27,"Java is like Alzheimer's, it starts off slow, but eventually, your memory is gone.",Programming,jokeapi
12,"// This line doesn't actually do anything, but the code stops working when I delete it.",Programming,jokeapi
71,"Two reasons I don't give money to homeless people.
1) They are going to spend it all on drugs and alcohol
2) I am going to spend it all on drugs and alcohol.",Misc,jokeapi
56,"""Can I tell you a TCP joke?""
""Please tell me a TCP joke.""
""OK, I'll tell you a TCP joke.""",Programming,jokeapi
206,I was going to tell a dead baby joke. But I decided to abort.,Dark,jokeapi
72,"A neutron walks into a bar and asks for a price on a drink.
The barkeeper says: ""For you... no charge!""",Misc,jokeapi
5,"A SQL statement walks into a bar and sees two tables.
It approaches, and asks ""may I join you?""",Programming,jokeapi
43,"How do you tell HTML from HTML5?
- Try it out in Internet Explorer
- Did it work?
- No?
- It's HTML5.",Programming,jokeapi
20,"""We messed up the keming again guys.""",Programming,jokeapi
18,"""Honey, go to the store and buy some eggs.""
""OK.""
""Oh and while you're there, get some milk.""
He never returned.",Programming,jokeapi
37,"Programming is 10% science, 20% ingenuity, and 70% getting the ingenuity to work with the science.",Programming,jokeapi
272,My husband and I were happy for 20 years. And then we met.,Misc,jokeapi
199,"Today, my son asked ""Can I have a book mark?"" and I burst into tears.
11 years old and he still doesn't know my name is Brian.",Pun,jokeapi
234,"My parents raised me as an only child, which really annoyed my younger brother.",Misc,jokeapi
pGe2EYozAsc,What do you call a nervous javelin thrower? Shakespeare.,Dad Joke,icanhazdadjoke
GlGBIY0wAAd,How much does a hipster weigh? An instagram.,Dad Joke,icanhazdadjoke
zPZ0TClqrc,What do you call a guy lying on your doorstep? Matt.,Dad Joke,icanhazdadjoke
xHQucUvszd,To the guy who invented zero... thanks for nothing.,Dad Joke,icanhazdadjoke
eaMCQKRZ0ob,Don't buy flowers at a monastery. Because only you can prevent florist friars.,Dad Joke,icanhazdadjoke
g3LZTCYDYg,What do you call a pig with three eyes? Piiig,Dad Joke,icanhazdadjoke
M7EBXgVSCAd,"A weasel walks into a bar. The bartender says, ""Wow, I've never served a weasel before. What can I get for you?""
""Pop,"" goes the weasel.",Dad Joke,icanhazdadjoke
TC5TCt49prc,Why did the A go to the bathroom and come out as an E? Because he had a vowel movement.,Dad Joke,icanhazdadjoke
5oWLeFdxkjb,When is a door not a door? When it's ajar.,Dad Joke,icanhazdadjoke
SnrcpbhVKBd,Where does Fonzie like to go for lunch? Chick-Fil-Eyyyyyyyy.,Dad Joke,icanhazdadjoke
JeaxXvkyPf,"Can February march? No, but April may.",Dad Joke,icanhazdadjoke
jVKBQS0o4h,How does a scientist freshen their breath? With experi-mints!,Dad Joke,icanhazdadjoke
exc2w5MmOCd,I saw my husband trip and fall while carrying a laundry basket full of ironed clothes. I watched it all unfold.,Dad Joke,icanhazdadjoke
9hiGeNZ0Tnb,They tried to make a diamond shaped like a duck. It quacked under the pressure.,Dad Joke,icanhazdadjoke
92oOKusHBd,Did you hear that the police have a warrant out on a midget psychic ripping people off? It reads “Small medium at large.”,Dad Joke,icanhazdadjoke
1gyskqz51ob,What did the father tomato say to the baby tomato whilst on a family walk? Ketchup.,Dad Joke,icanhazdadjoke
6MZobUfVKuc,"I just read a book about Stockholm syndrome. It was pretty bad at first, but by the end I liked it.",Dad Joke,icanhazdadjoke
eNuHJBQCdFd,How do you organize a space party? You planet.,Dad Joke,icanhazdadjoke
m3182oz5TCd,"Someone asked me to name two structures that hold water. I said ""Well dam""",Dad Joke,icanhazdadjoke
IRuX8U8EImb,Who is the coolest Doctor in the hospital? The hip Doctor!,Dad Joke,icanhazdadjoke
DAskq4oWSvc,"I was just looking at my ceiling. Not sure if it’s the best ceiling in the world, but it’s definitely up there.",Dad Joke,icanhazdadjoke
2o4MZ8pjNuc,"It was so cold yesterday my computer froze. My own fault though, I left too many windows open.",Dad Joke,icanhazdadjoke
D5E6USfNmb,How many apples grow on a tree? All of them!,Dad Joke,icanhazdadjoke
pjyA59MRusc,"There’s a new type of broom out, it’s sweeping the nation.",Dad Joke,icanhazdadjoke
mbpbapbhiyd,Did you hear about the bread factory burning down? They say the business is toast.,Dad Joke,icanhazdadjoke
5wHexPC5hib,I made a belt out of watches once... It was a waist of time.,Dad Joke,icanhazdadjoke
HQuXvkjqcpb,Where does Napoleon keep his armies? In his sleevies.,Dad Joke,icanhazdadjoke
B5hNeNJYgFd,"What did the green grape say to the purple grape?
BREATH!!",Dad Joke,icanhazdadjoke
KmbMJtrjbxc,I've started telling everyone about the benefits of eating dried grapes. It's all about raisin awareness.,Dad Joke,icanhazdadjoke
xkVDIBsPRCd,What do you call a beehive without the b's? An eehive.,Dad Joke,icanhazdadjoke
5TS7pbxcpb,Why are oranges the smartest fruit? Because they are made to concentrate. ,Dad Joke,icanhazdadjoke
V0orcFdFIBd,"What do you do when you see a space man?
Park your car, man.",Dad Joke,icanhazdadjoke
1wkqrcNCljb,Did you know that protons have mass? I didn't even know they were catholic.,Dad Joke,icanhazdadjoke
FdN7przPCtc,"You can't run through a camp site. You can only ran, because it's past tents.",Dad Joke,icanhazdadjoke
x5M799Ufib,I wish I could clean mirrors for a living. It's just something I can see myself doing.,Dad Joke,icanhazdadjoke
haahVKZDtrc,What's red and bad for your teeth? A Brick.,Dad Joke,icanhazdadjoke
DlOmrj3gaFd,Why doesn't the Chimney-Sweep call out sick from work? Because he's used to working with a flue.,Dad Joke,icanhazdadjoke
RCQKuHJBdib,I been watching a channel on TV that is strictly just about origami — of course it is paper-view.,Dad Joke,icanhazdadjoke
FdN7wcxAskb,They're making a movie about clocks. It's about time,Dad Joke,icanhazdadjoke
kqjNmbM7wsc,Why do wizards clean their teeth three times a day? To prevent bat breath!,Dad Joke,icanhazdadjoke
6hy5EQCtHtc,"I remember when I was a kid, I opened my fridge and noticed one of my vegetables were crying. I guess I have some emotional cabbage.",Dad Joke,icanhazdadjoke
sPRnOfiyAAd,"At the boxing match, the dad got into the popcorn line and the line for hot dogs, but he wanted to stay out of the punchline.",Dad Joke,icanhazdadjoke
kOfaUvP7Muc,What did the Dorito farmer say to the other Dorito farmer? Cool Ranch!,Dad Joke,icanhazdadjoke
zPRCljGQ7Ed,I have the heart of a lion... and a lifetime ban from the San Diego Zoo.,Dad Joke,icanhazdadjoke
yItzAdUKBd,"A horse walks into a bar. The bar tender says ""Hey."" The horse says ""Sure.""",Dad Joke,icanhazdadjoke
6hqHJmyPmyd,What kind of music do mummy's like? Rap,Dad Joke,icanhazdadjoke
dx5ojVK61wc,What do you get hanging from Apple trees? Sore arms.,Dad Joke,icanhazdadjoke
SKexPmbhapb,I went to the zoo yesterday and saw a baguette in a cage. It was bread in captivity.,Dad Joke,icanhazdadjoke
WvPZTvsWDd,Why did the feline fail the lie detector test? Because he be lion.,Dad Joke,icanhazdadjoke
gaM7pbpWnrc,What don't watermelons get married? Because they cantaloupe.,Dad Joke,icanhazdadjoke
cxHYg3gFQf,"I got fired from the transmission factor, turns out I didn't put on enough shifts...",Dad Joke,icanhazdadjoke
GQuzAAXgah,"Some people say that I never got over my obsession with Phil Collins.
But take a look at me now.",Dad Joke,icanhazdadjoke
uszdNZ8MRCd,"My new thesaurus is terrible. In fact, it's so bad, I'd say it's terrible.",Dad Joke,icanhazdadjoke
nWvcUD5orrc,"I asked the surgeon if I could administer my own anesthetic, they said: go ahead, knock yourself out.",Dad Joke,icanhazdadjoke
4wciyk3EBAd,"I got a reversible jacket for Christmas, I can't wait to see how it turns out.",Dad Joke,icanhazdadjoke
AI6pbUSnbh,"What is the best way to carve?
Whittle by whittle.",Dad Joke,icanhazdadjoke
F6wPR71Dtzd,I’m reading a book on the history of glue – can’t put it down.,Dad Joke,icanhazdadjoke
qrHeiqHJmrc,What is a vampire's favorite fruit? A blood orange.,Dad Joke,icanhazdadjoke
vXgNZ0wcxAd,I’m on a whiskey diet. I’ve lost three days already.,Dad Joke,icanhazdadjoke
TS0gFlqr4ob,What do you call a group of disorganized cats? A cat-tastrophe.,Dad Joke,icanhazdadjoke
K6UvXD5Mexc,Which side of the chicken has more feathers? The outside.,Dad Joke,icanhazdadjoke
V8hFQCY8Unb,Where do you take someone who has been injured in a Peek-a-boo accident? To the I.C.U.,Dad Joke,icanhazdadjoke
7MZ0LR7UfFd,Why can't your nose be 12 inches long? Because then it'd be a foot!,Dad Joke,icanhazdadjoke
kOf2gFY0gqc,I think circles are pointless.,Dad Joke,icanhazdadjoke
wX0gNuXgVnb,What did the Buffalo say to his little boy when he dropped him off at school? Bison.,Dad Joke,icanhazdadjoke
xXgyXvXgFlb,"Doctor you've got to help me, I'm addicted to Twitter. Doctor: I don't follow you.",Dad Joke,icanhazdadjoke
hqjGlyImrzd,A beekeeper was indicted after he confessed to years of stealing at work. They charged him with emBEEzlement,Dad Joke,icanhazdadjoke
Sn39Elb2LBd,What is this movie about? It is about 2 hours long.,Dad Joke,icanhazdadjoke
I6h3ozAIYDd,Where do hamburgers go to dance? The meat-ball.,Dad Joke,icanhazdadjoke
ZobU08UKBd,A doll was recently found dead in a rice paddy. It's the only known instance of a nick nack paddy wack.,Dad Joke,icanhazdadjoke
bprz5wXSSvc,Why did the scarecrow win an award? Because he was outstanding in his field.,Dad Joke,icanhazdadjoke
9pW8xXgiiqc,I considered building the patio by myself. But I didn't have the stones.,Dad Joke,icanhazdadjoke
TnWnbpbU8pb,How do you teach a kid to climb stairs? There is a step by step guide.,Dad Joke,icanhazdadjoke
oORfVv4oOCd,What are the strongest days of the week? Saturday and Sunday...the rest are weekdays.,Dad Joke,icanhazdadjoke
HYoGYTvX0g,What is the tallest building in the world? The library – it’s got the most stories!,Dad Joke,icanhazdadjoke
1gyI6EIRKBd,What do you call two barracuda fish?  A Pairacuda!,Dad Joke,icanhazdadjoke
K6UKmykqrjb,What is a witch's favorite subject in school? Spelling!,Dad Joke,icanhazdadjoke
WgV0T0wk3ob,"Q: What did the spaghetti say to the other spaghetti?
A: Pasta la vista, baby!",Dad Joke,icanhazdadjoke
jbU0LmyPKBd,What has ears but cannot hear? A field of corn.,Dad Joke,icanhazdadjoke
e2obFd2oOf,I thought about going on an all-almond diet. But that's just nuts.,Dad Joke,icanhazdadjoke
mOR7h392TCd,Why are basketball players messy eaters? Because they are always dribbling.,Dad Joke,icanhazdadjoke
ozPmbFtWDlb,"Some people say that comedians who tell one too many light bulb jokes soon burn out, but they don't know watt they are talking about. They're not that bright.",Dad Joke,icanhazdadjoke
Xny5MZvHQCd,"Can I watch the TV? Dad: Yes, but don’t turn it on.",Dad Joke,icanhazdadjoke
NJJ6wH6hNCd,What do you get when you cross a chicken with a skunk? A fowl smell!,Dad Joke,icanhazdadjoke
oWS08MeVvzd,"My friend said to me: ""What rhymes with orange"" I said: ""no it doesn't""",Dad Joke,icanhazdadjoke
AXvHeVvHeib,What do you call a bee that lives in America? A USB.,Dad Joke,icanhazdadjoke
LRf2obFBskb,"Don’t interrupt someone working intently on a puzzle. Chances are, you’ll hear some crosswords.",Dad Joke,icanhazdadjoke
EYo4TCAdUf,"I tried to write a chemistry joke, but could never get a reaction.",Dad Joke,icanhazdadjoke
GeFQZ89h,The rotation of earth really makes my day.,Dad Joke,icanhazdadjoke
7UnjNRfapzd,Why should you never trust a pig with a secret? Because it's bound to squeal.,Dad Joke,icanhazdadjoke
u4Tvkba21wc,Why did Sweden start painting barcodes on the sides of their battleships? So they could Scandinavian.,Dad Joke,icanhazdadjoke
1oOfFlOfaxc,What do you do on a remote island? Try and find the TV island it belongs to.,Dad Joke,icanhazdadjoke
MZDtW0gi3g,"Yesterday I confused the words ""jacuzzi"" and ""yakuza"". Now I'm in hot water with the Japanese mafia.",Dad Joke,icanhazdadjoke
exXSCtkOKe,"Why do pirates not know the alphabet? They always get stuck at ""C"".",Dad Joke,icanhazdadjoke
ly5hNR7w5Ed,"I tried taking some high resolution photos of local farmland, but they all turned out a bit grainy.",Dad Joke,icanhazdadjoke
69xAsrHYDAd,"Why did Mozart kill all his chickens?
Because when he asked them who the best composer was, they'd all say ""Bach bach bach!""
",Dad Joke,icanhazdadjoke
TKZD592LZob,"Never Trust Someone With Graph Paper...

They're always plotting something.",Dad Joke,icanhazdadjoke
obahq4MJtzd,"I had a rough day, and then somebody went and ripped the front and back pages from my dictionary. It just goes from bad to worse.",Dad Joke,icanhazdadjoke
p4oWvPClVnb,What do you call a cow on a trampoline? A milk shake!,Dad Joke,icanhazdadjoke
lG6pjibpbxc,"Feeling pretty proud of myself. The Sesame Street puzzle I bought said 3-5 years, but I finished it in 18 months.",Dad Joke,icanhazdadjoke
Dt4hNJJmykb,"It’s hard to explain puns to kleptomaniacs, because they take everything literally.",Dad Joke,icanhazdadjoke
vX8MeFdUDlb,Dad died because he couldn't remember his blood type. I will never forget his last words. Be positive.,Dad Joke,icanhazdadjoke
PRZ8xHtcprc,"Nurse: Doctor, there's a patient that says he's invisible. Doctor: Well, tell him I can't see him right now!",Dad Joke,icanhazdadjoke
2gii3LeN7Ed,Why couldn't the kid see the pirate movie? Because it was rated arrr!,Dad Joke,icanhazdadjoke
JmGtkyIJeqc,So a duck walks into a pharmacy and says “Give me some chap-stick… and put it on my bill”,Dad Joke,icanhazdadjoke
FYobM71o4ob,Did you hear about the two thieves who stole a calendar? They each got six months.,Dad Joke,icanhazdadjoke
4MmjbFlbah,"I cut my finger chopping cheese, but I think that I may have grater problems.",Dad Joke,icanhazdadjoke
8USSSfVn3ob,I've been trying to come up with a dad joke about momentum . . . but I just can't seem to get it going.,Dad Joke,icanhazdadjoke
NRfxXvkbFtc,"As I get older, I think of all the people I lost along the way. Maybe a career as a tour guide wasn't such a good idea.",Dad Joke,icanhazdadjoke
nrz5oWnyPuc,What did the doctor say to the gingerbread man who broke his leg? Try icing it.,Dad Joke,icanhazdadjoke
2118E69prc,Dad I’m hungry’ … ‘Hi hungry I’m dad,Dad Joke,icanhazdadjoke
5TvXSf2TKBd,Why is it always hot in the corner of a room? Because a corner is 90 degrees.,Dad Joke,icanhazdadjoke
Z8xHBQZ0Lmb,I ordered a chicken and an egg from Amazon. I'll let you know.,Dad Joke,icanhazdadjoke
LBdUvcFB5h,Two peanuts were walking down the street. One was a salted,Dad Joke,icanhazdadjoke
lGlbhqjGJBd,How does the moon cut his hair? Eclipse it.,Dad Joke,icanhazdadjoke
HQZorO7pWnb,"Coffee has a tough time at my house, every morning it gets mugged.",Dad Joke,icanhazdadjoke
scaUn3TfNe,"So, I heard this pun about cows, but it’s kinda offensive so I won’t say it. I don’t want there to be any beef between us. ",Dad Joke,icanhazdadjoke
TfVvX0wscib,How do you know if there’s an elephant under your bed? Your head hits the ceiling!,Dad Joke,icanhazdadjoke
5hNuz5w5Me,Why do cows not have toes? They lactose!,Dad Joke,icanhazdadjoke
6EYLBscN7wc,"This furniture store keeps emailing me, all I wanted was one night stand!",Dad Joke,icanhazdadjoke
ukOCYoWDQuc,My sea sickness comes in waves.,Dad Joke,icanhazdadjoke
X01T0DQKuzd,I decided to sell my Hoover… well it was just collecting dust.,Dad Joke,icanhazdadjoke
PucUvXSvkqc,"Why did the fireman wear red, white, and blue suspenders? To hold his pants up.",Dad Joke,icanhazdadjoke
oGBIRKuPukb,"""What time is it?"" I don't know... it keeps changing.",Dad Joke,icanhazdadjoke
vcNJRnrcNCd,How does Darth Vader like his toast? On the dark side.,Dad Joke,icanhazdadjoke
vkV0L6wcFlb,Did you hear about the runner who was criticized? He just took it in stride,Dad Joke,icanhazdadjoke
rcxk3TSKusc,What did the grape do when he got stepped on? He let out a little wine.,Dad Joke,icanhazdadjoke
giyXgahV0wc,The great thing about stationery shops is they're always in the same place...,Dad Joke,icanhazdadjoke
Qn3EIRZorrc,"I used to be a banker, but I lost interest.",Dad Joke,icanhazdadjoke
trc2EYT0ob,The invention of the wheel was what got things rolling,Dad Joke,icanhazdadjoke
mGtHtcUfqjb,Did you hear that David lost his ID in prague? Now we just have to call him Dav.,Dad Joke,icanhazdadjoke
8pWvzkjN7Ed,"Two muffins were sitting in an oven, and the first looks over to the second, and says, “man, it’s really hot in here”. The second looks over at the first with a surprised look, and answers, “WHOA, a talking muffin!”",Dad Joke,icanhazdadjoke
f211DdFBdxc,Did you hear about the chameleon who couldn't change color? They had a reptile dysfunction.,Dad Joke,icanhazdadjoke
2gaMZLBszsc,Why did the kid throw the clock out the window? He wanted to see time fly!,Dad Joke,icanhazdadjoke
jiVfq4MZDlb,Sore throats are a pain in the neck!,Dad Joke,icanhazdadjoke
HJJY0LR7hyd,Where did you learn to make ice cream? Sunday school.,Dad Joke,icanhazdadjoke
BI699EY08Ed,Bad at golf? Join the club.,Dad Joke,icanhazdadjoke
xAlOZ8pOmjb,How do the trees get on the internet? They log on.,Dad Joke,icanhazdadjoke
DImrciqWSCd,What do you call a cow with no legs? Ground beef.,Dad Joke,icanhazdadjoke
prWLBszsWDd,The shovel was a ground-breaking invention.,Dad Joke,icanhazdadjoke
FtHBXvXL6h,"I was going to get a brain transplant, but I changed my mind",Dad Joke,icanhazdadjoke
HQfNZDIRSnb,A quick shoutout to all of the sidewalks out there... Thanks for keeping me off the streets.,Dad Joke,icanhazdadjoke
VDdxcp4ob,How do you make Lady Gaga cry? Poker face. ,Dad Joke,icanhazdadjoke
WvHJJ611wAd,"The first time I got a universal remote control I thought to myself, ""This changes everything""",Dad Joke,icanhazdadjoke
NJBl3TnrHlb,"The other day, my wife asked me to pass her lipstick but I accidentally passed her a glue stick. She still isn't talking to me.",Dad Joke,icanhazdadjoke
qjbF6E6wHlb,Why did the belt go to prison? He held up a pair of pants!,Dad Joke,icanhazdadjoke
RZv4h3gV0g,Is the pool safe for diving? It deep ends.,Dad Joke,icanhazdadjoke
zkysrzkVfqc,"What do you call a gorilla wearing headphones? Anything you'd like, it can't hear you.",Dad Joke,icanhazdadjoke
SSnW8xsrrjb,How does a penguin build it’s house? Igloos it together.,Dad Joke,icanhazdadjoke
FtkqcFtrWvc,I boiled a funny bone last night and had a laughing stock,Dad Joke,icanhazdadjoke
9Mus4wkqzd,What do you get if you put a duck in a cement mixer? Quacks in the pavement.,Dad Joke,icanhazdadjoke
wA5wX0wXLmb,What animal is always at a game of cricket? A bat.,Dad Joke,icanhazdadjoke
9EBljqWDAsc,What do you call a fish with no eyes? A fsh.,Dad Joke,icanhazdadjoke
haMJRfF6hFd,How do you fix a broken pizza? With tomato paste.,Dad Joke,icanhazdadjoke
8UnrHe2T0g,‘Put the cat out’ … ‘I didn’t realize it was on fire,Dad Joke,icanhazdadjoke
1DQZDY0gVnb,"What is a centipedes's favorite Beatle song?  I want to hold your hand, hand, hand, hand...",Dad Joke,icanhazdadjoke
OukjGeNmWDd,How do you make a 'one' disappear? You add a 'g' and it's 'gone',Dad Joke,icanhazdadjoke
ItWLR792Ed,"""I'll call you later."" Don't call me later, call me Dad.",Dad Joke,icanhazdadjoke
LBAQ79MJmb,What’s the difference between an African elephant and an Indian elephant? About 5000 miles.,Dad Joke,icanhazdadjoke
5hNJexX8prc,How do you fix a damaged jack-o-lantern? You use a pumpkin patch.,Dad Joke,icanhazdadjoke
mW01DA511ob,I knew i shouldn’t have ate that seafood. Because now i’m feeling a little… Eel,Dad Joke,icanhazdadjoke
TCY0LmGQnb,Why did the opera singer go sailing? They wanted to hit the high Cs.,Dad Joke,icanhazdadjoke
R7hFtWv49h,I ate a clock yesterday. It was so time consuming.,Dad Joke,icanhazdadjoke
qrHJ69M7hFd,What cheese can never be yours? Nacho cheese.,Dad Joke,icanhazdadjoke
dpWvHtW0Tnb,What's orange and sounds like a parrot? A Carrot.,Dad Joke,icanhazdadjoke
v4wAlO7USf,What type of music do balloons hate? Pop music!,Dad Joke,icanhazdadjoke
5h399pWLmyd,What did the beaver say to the tree? It's been nice gnawing you.,Dad Joke,icanhazdadjoke
fii3Tv4hFd,"Today, my son asked ""Can I have a book mark?"" and I burst into tears. 11 years old and he still doesn't know my name is Brian.",Dad Joke,icanhazdadjoke
Zo4E6pbFIBd,I’ve deleted the phone numbers of all the Germans I know from my mobile phone. Now it’s Hans free.,Dad Joke,icanhazdadjoke
KJmW8h3oWnb,Did you hear about the scientist who was lab partners with a pot of boiling water? He had a very esteemed colleague.,Dad Joke,icanhazdadjoke
OCtWnGJtPuc,Why is the new Kindle screen textured to look like paper? So you feel write at home.,Dad Joke,icanhazdadjoke
V0wkbprcprc,"If you want a job in the moisturizer industry, the best advice I can give is to apply daily.",Dad Joke,icanhazdadjoke
n3o4orjiysc,Why are skeletons so calm? Because nothing gets under their skin.,Dad Joke,icanhazdadjoke
UfiGljVKusc,Why was the strawberry sad? Its parents were in a jam.,Dad Joke,icanhazdadjoke
UnWS0wcF6Ed,Every machine in the coin factory broke down all of a sudden without explanation. It just doesn’t make any cents.,Dad Joke,icanhazdadjoke
rjqOZoO7pb,Why was the picture sent to prison? It was framed.,Dad Joke,icanhazdadjoke
LucahqjGQuc,Why did the clown have neck pain? - Because he slept funny,Dad Joke,icanhazdadjoke
nrrj3TfFdxc,Why did the octopus beat the shark in a fight? Because it was well armed.,Dad Joke,icanhazdadjoke
sWSSnbaUfqc,Why is there always a gate around cemeteries? Because people are always dying to get in.,Dad Joke,icanhazdadjoke
GJeaF6pOKmb,"They say Dodger Stadium can hold up to fifty-six thousand people, but that is just a ballpark figure.",Dad Joke,icanhazdadjoke
MJB511wAXvc,What did the ocean say to the beach? Thanks for all the sediment.,Dad Joke,icanhazdadjoke
AsHQSSKeapb,I’ve got this disease where I can’t stop making airport puns. The doctor says it terminal.,Dad Joke,icanhazdadjoke
99U0T7hVDlb,Just read a few facts about frogs. They were ribbiting.,Dad Joke,icanhazdadjoke
ZvPfFQukVvc,The word queue is ironic. It's just q with a bunch of silent letters waiting in line.,Dad Joke,icanhazdadjoke
Qn31o49Musc,What do you call a fat psychic? A four-chin teller.,Dad Joke,icanhazdadjoke
GlbxkyPRKuc,"I saw an ad in a shop window, ""Television for sale, $1, volume stuck on full"", I thought, ""I can't turn that down"".",Dad Joke,icanhazdadjoke
MRZ0LJtHQCd,What do you call a fly without wings? A walk.,Dad Joke,icanhazdadjoke
vk31LJB5Elb,Why didn’t the orange win the race? It ran out of juice.,Dad Joke,icanhazdadjoke
usrcaMuszd,What's the worst thing about ancient history class? The teachers tend to Babylon.,Dad Joke,icanhazdadjoke
MCt4wX8pb,What did the Red light say to the Green light? Don't look at me I'm changing!,Dad Joke,icanhazdadjoke
ZgahF6MZDd,Where does astronauts hangout after work? At the spacebar.,Dad Joke,icanhazdadjoke
Im31ozkVnjb,"A boy dug three holes in the yard. When his mother saw, she exclaimed: ""well, well, well""",Dad Joke,icanhazdadjoke
EQKZDIeah,Atheism is a non-prophet organisation.,Dad Joke,icanhazdadjoke
0gFdFBsWDd,I won an argument with a weather forecaster once. His logic was cloudy...,Dad Joke,icanhazdadjoke
Q7pGY0Dt4Ed,What do you call someone with no nose? Nobody knows.,Dad Joke,icanhazdadjoke
4ElyszXDdxc,I went to the store to pick up eight cans of sprite... when I got home I realized I'd only picked seven up,Dad Joke,icanhazdadjoke
AsWLeVDAItc,Somebody stole my Microsoft Office and they're going to pay - you have my Word.,Dad Joke,icanhazdadjoke
s4Me29U0gqc,"Cosmetic surgery used to be such a taboo subject.
Now you can talk about Botox and nobody raises an eyebrow.",Dad Joke,icanhazdadjoke
MZoOCQ7wcpb,What do birds give out on Halloween? Tweets.,Dad Joke,icanhazdadjoke
c2TSfxXgqrc,Why does Superman get invited to dinners? Because he is a Supperhero.,Dad Joke,icanhazdadjoke
iV0DQ7pjGlb,I had a dream that I was a muffler last night. I woke up exhausted!,Dad Joke,icanhazdadjoke
fNZTCdFBImb,Why did the house go to the doctor? It was having window panes.,Dad Joke,icanhazdadjoke
Imjb2gN7hib,Why do nurses carry around red crayons? Sometimes they need to draw blood.,Dad Joke,icanhazdadjoke
zdpjyXnjbFd,"I met this girl on a dating site and, I don't know, we just clicked.",Dad Joke,icanhazdadjoke
BQnyImOCIBd,How do hens stay fit? They always egg-cercise!,Dad Joke,icanhazdadjoke
6prjykbFd,"What's large, grey, and doesn't matter?
An irrelephant.
",Dad Joke,icanhazdadjoke
MeaFYLBAQuc,"Have you heard the rumor going around about butter? Never mind, I shouldn't spread it.",Dad Joke,icanhazdadjoke
6MZor4T79pb,"Why do trees seem suspicious on sunny days? Dunno, they're just a bit shady.",Dad Joke,icanhazdadjoke
qOK61Tvs4Ed,When do doctors get angry? When they run out of patients.,Dad Joke,icanhazdadjoke
4EBXnjiVKBd,Why did the sentence fail the driving test? It never came to a full stop.,Dad Joke,icanhazdadjoke
eNuPm3Etzkb,How do you make holy water? You boil the hell out of it.,Dad Joke,icanhazdadjoke
UKeiNeVnrc,"Mountains aren't just funny, they are hill areas",Dad Joke,icanhazdadjoke
KmW8hFlV0ob,"A panda walks into a bar and says to the bartender “I’ll have a Scotch and . . . . . . . . . . . . . . Coke thank you”. 

“Sure thing” the bartender replies and asks “but what’s with the big pause?” 

The panda holds up his hands and says “I was born with them”",Dad Joke,icanhazdadjoke
WLJJRKJeqjb,I used to work in a shoe recycling shop. It was sole destroying.,Dad Joke,icanhazdadjoke
RSvzPuzAdpb,Milk is also the fastest liquid on earth – its pasteurized before you even see it,Dad Joke,icanhazdadjoke
ahqjV82LBAd,I was thinking about moving to Moscow but there is no point Russian into things.,Dad Joke,icanhazdadjoke
2wkykjyIYDd,"What did the traffic light say to the car as it passed? ""Don't look I'm changing!""",Dad Joke,icanhazdadjoke
Tv4wkVS0gib,Where do owls go to buy their baby clothes? The owlet malls.,Dad Joke,icanhazdadjoke
KZDtkG6pjqc,Writing with a broken pencil is pointless.,Dad Joke,icanhazdadjoke
FdN7hiG6Uvc,Why can't eggs have love? They will break up too soon.,Dad Joke,icanhazdadjoke
PZgyPmjb2ob,What do you get when you cross a snowman with a vampire? Frostbite.,Dad Joke,icanhazdadjoke
MZvsrzXgyd,"I used to think I was indecisive, but now I'm not sure.",Dad Joke,icanhazdadjoke
diGeqOfiqc,What’s E.T. short for? He’s only got little legs.,Dad Joke,icanhazdadjoke
G6pWSvzAljb,Animal Fact #25: Most bobcats are not named bob.,Dad Joke,icanhazdadjoke
8p49pWvcxAd,"Every night at 11:11, I make a wish that someone will come fix my broken clock.",Dad Joke,icanhazdadjoke
ljGB5o49Elb,"Dad, can you put my shoes on? I don't think they'll fit me.",Dad Joke,icanhazdadjoke
9xA51L6Uvc,"What do you get when you cross a bee and a sheep? A bah-humbug.
",Dad Joke,icanhazdadjoke
rzs4T0oWgFd,Two peanuts were walking down the street. One was a salted.,Dad Joke,icanhazdadjoke
h39UfibMJBd,Did you hear about the cheese who saved the world? It was Legend-dairy!,Dad Joke,icanhazdadjoke
3LRCIJY82wc,How many South Americans does it take to change a lightbulb? A Brazilian,Dad Joke,icanhazdadjoke
5EBlOKBQSvc,"Why did the banana go to the doctor? He was not ""peeling"" well.",Dad Joke,icanhazdadjoke
wcxPRu41wc,Why do bees have sticky hair? Because they use honey combs!,Dad Joke,icanhazdadjoke
GtH6E6UD5Ed,What kind of dog lives in a particle accelerator? A Fermilabrador Retriever.,Dad Joke,icanhazdadjoke
G6EtkOZD5h,"Why can't you use ""Beef stew"" as a password? Because it's not stroganoff.",Dad Joke,icanhazdadjoke
zA5MJYDY0Dd,I'm practicing for a bug-eating contest and I've got butterflies in my stomach.,Dad Joke,icanhazdadjoke
OfNRfaaUSf,"When I left school, I passed every one of my exams with the exception of Greek Mythology. It always was my achilles elbow",Dad Joke,icanhazdadjoke
0ga2EdN7prc,How come the stadium got hot after the game? Because all of the fans left.,Dad Joke,icanhazdadjoke
0wcFBQfiGBd,Did you hear the joke about the wandering nun? She was a roman catholic.,Dad Joke,icanhazdadjoke
sPfqWDlq4Ed,"""Hey, dad, did you get a haircut?"" ""No, I got them all cut.""",Dad Joke,icanhazdadjoke
axPR79MZvc,What did the fish say when it swam into a wall? Damn!,Dad Joke,icanhazdadjoke
X8xAlq4E6Ed,What do I look like? A JOKE MACHINE!?,Dad Joke,icanhazdadjoke
3El3TCYDYob,Conjunctivitis.com – now that’s a site for sore eyes.,Dad Joke,icanhazdadjoke
ei3T08EQZob,"Hostess: Do you have a preference of where you sit?
Dad: Down.",Dad Joke,icanhazdadjoke
71gF6wHBsrc,A book just fell on my head. I only have my shelf to blame.,Dad Joke,icanhazdadjoke
1T01LBXLuzd,Why does a Moon-rock taste better than an Earth-rock? Because it's a little meteor.,Dad Joke,icanhazdadjoke
LB5wHQSvzAd,"Where was the Declaration of Independence signed?

At the bottom! ",Dad Joke,icanhazdadjoke
YvHQnW8U8pb,What is the hardest part about sky diving? The ground.,Dad Joke,icanhazdadjoke
K6USKBXvcib,What do you call a crowd of chess players bragging about their wins in a hotel lobby? Chess nuts boasting in an open foyer.,Dad Joke,icanhazdadjoke
FBskq4MRnrc,Just watched a documentary about beavers… It was the best damn program I’ve ever seen.,Dad Joke,icanhazdadjoke
HeiqcaMRKBd,What’s the longest word in the dictionary? Smiles. Because there’s a mile between the two S’s.,Dad Joke,icanhazdadjoke
NCAIYLeNe,"I fear for the calendar, its days are numbered.
",Dad Joke,icanhazdadjoke
fVKuPmjq4Ed,A Skeleton walked into a bar he said I need a beer and a mop,Dad Joke,icanhazdadjoke
IYgiyIR7hib,What do you get when you cross a rabbit with a water hose? Hare spray.,Dad Joke,icanhazdadjoke
8UDdUnrzkyd,What do you call corn that joins the army? Kernel.,Dad Joke,icanhazdadjoke
Albp49Mmjyd,"I was wondering why the frisbee was getting bigger, then it hit me.",Dad Joke,icanhazdadjoke
mG61giiy5wc,Why didn't the number 4 get into the nightclub? Because he is 2 square.,Dad Joke,icanhazdadjoke
AAXnyImyPCd,Don't trust atoms. They make up everything.,Dad Joke,icanhazdadjoke
ElbaF6wHlyd,I cut my finger cutting cheese. I know it may be a cheesy story but I feel grate now.,Dad Joke,icanhazdadjoke
ElyXS0gFBAd,How do you steal a coat? You jacket.,Dad Joke,icanhazdadjoke
08EQZ8EQukb,Did you hear about the guy whose whole left side was cut off? He's all right now.,Dad Joke,icanhazdadjoke
6USSCQnyd,"I'd like to start a diet, but I've got too much on my plate right now.",Dad Joke,icanhazdadjoke
KZLBXvPZDd,"What did the sea say to the sand? ""We have to stop meeting like this.""",Dad Joke,icanhazdadjoke
Xn3wX8hi3Ed,Did you hear about the Mexican train killer? He had loco motives,Dad Joke,icanhazdadjoke
sHlqrjyPf,How can you tell a vampire has a cold? They start coffin.,Dad Joke,icanhazdadjoke
Yg3orWS7wkb,"""I'm sorry."" ""Hi sorry, I'm dad""",Dad Joke,icanhazdadjoke
tWL6U01obpb,"Thanks for explaining the word ""many"" to me. It means a lot.",Dad Joke,icanhazdadjoke
7h3oGtrOfxc,Whiteboards ... are remarkable.,Dad Joke,icanhazdadjoke
UKeFB59EQf,Why did the coffee file a police report? It got mugged.,Dad Joke,icanhazdadjoke
PC5TCQuXnrc,Where do you learn to make banana splits? At sundae school.,Dad Joke,icanhazdadjoke
H6EY0Dljiyd,"I always wanted to look into why I procrastinate, but I keep putting it off. ",Dad Joke,icanhazdadjoke
IJBA51Tvcxc,Did you know that ghosts call their true love their ghoul-friend?,Dad Joke,icanhazdadjoke
NZDlb299Uf,Where do sheep go to get their hair cut? The baa-baa shop.,Dad Joke,icanhazdadjoke
a29pbp4haFd,Where do rabbits go after they get married? On a bunny-moon.,Dad Joke,icanhazdadjoke
q4hiGJBXLe,Why do fish live in salt water? Because pepper makes them sneeze!,Dad Joke,icanhazdadjoke
qOmyPmO79h,A man tried to sell me a coffin today. I told him that's the last thing I need.,Dad Joke,icanhazdadjoke
Qusrcahiib,Astronomers got tired watching the moon go around the earth for 24 hours. They decided to call it a day.,Dad Joke,icanhazdadjoke
EYojGtPRusc,"I gave my friend 10 puns hoping that one of them would make him laugh. Sadly, no pun in ten did.",Dad Joke,icanhazdadjoke
G6pr4EQfiqc,What did the piece of bread say to the knife? Butter me up.,Dad Joke,icanhazdadjoke
cNRZTfFtrjb,"A man got hit in the head with a can of Coke, but he was alright because it was a soft drink.",Dad Joke,icanhazdadjoke
aaUKeahqWvc,This is my step ladder. I never knew my real ladder.,Dad Joke,icanhazdadjoke
D5wAA5o4TCd,What do you call a careful wolf? Aware wolf.,Dad Joke,icanhazdadjoke
lqWgFlyPusc,What do you call an Argentinian with a rubber toe? Roberto,Dad Joke,icanhazdadjoke
xXSv492wPmb,"What is red and smells like blue paint?
Red paint!",Dad Joke,icanhazdadjoke
FdxHeiqjqzd,Archaeology really is a career in ruins.,Dad Joke,icanhazdadjoke
ClGY8xc2EBd,Why are graveyards so noisy? Because of all the coffin.,Dad Joke,icanhazdadjoke
PfaMusPucFd,What do you do when your bunny gets wet? You get your hare dryer.,Dad Joke,icanhazdadjoke
hiVSCdUvXg,I heard there was a new store called Moderation. They have everything there,Dad Joke,icanhazdadjoke
xkGB5oWSKmb,"Did you hear about the new restaurant on the moon? The food is great, but there’s just no atmosphere.",Dad Joke,icanhazdadjoke
QnWnWSfiqc,Why can't a bicycle stand on its own? It's two-tired.,Dad Joke,icanhazdadjoke
eNJm3Tfaxc,People are shocked to discover I have a police record but I love their greatest hits!,Dad Joke,icanhazdadjoke
kbUv4T0Ddxc,"A ghost walks into a bar and asks for a glass of vodka but the bar tender says, “sorry we don’t serve spirits”",Dad Joke,icanhazdadjoke
gNZTCQnWSf,"The other day I was listening to a song about superglue, it’s been stuck in my head ever since.",Dad Joke,icanhazdadjoke
DQ7MZLZoWnb,Why are snake races so exciting? They're always neck and neck.,Dad Joke,icanhazdadjoke
VDYgib2T7wc,"When you have a bladder infection, urine trouble.",Dad Joke,icanhazdadjoke
jbpbFlORCAd,People who don't eat gluten are really going against the grain.,Dad Joke,icanhazdadjoke
CQSKeaFIBsc,What does a female snake use for support? A co-Bra!,Dad Joke,icanhazdadjoke
ORK6UDA5hqc,"When my wife told me to stop impersonating a flamingo, I had to put my foot down.",Dad Joke,icanhazdadjoke
NucUfVvXLBd,"What did the hat say to the scarf?
You can hang around. I'll just go on ahead.
",Dad Joke,icanhazdadjoke
5oGYLZo4Tvc,"I used to be addicted to soap, but I'm clean now.",Dad Joke,icanhazdadjoke
TCYLBX0ozAd,"Bought a new jacket suit the other day and it burst into flames. Well, it was a blazer",Dad Joke,icanhazdadjoke
rHBQuXLR7h,"Why did the cookie cry?
Because his mother was a wafer so long",Dad Joke,icanhazdadjoke
H6Elb2LBdxc,What's blue and not very heavy?  Light blue.,Dad Joke,icanhazdadjoke
apjyd21DQuc,I got an A on my origami assignment when I turned my paper into my teacher,Dad Joke,icanhazdadjoke
HeaFdiyIJe,What kind of magic do cows believe in? MOODOO.,Dad Joke,icanhazdadjoke
R7UfaahVfFd,My dog used to chase people on a bike a lot. It got so bad I had to take his bike away.,Dad Joke,icanhazdadjoke
LuciNmbaMmb,"What did the digital clock say to the grandfather clock? Look, no hands!",Dad Joke,icanhazdadjoke
SKeqOucNeFd,What time did the man go to the dentist? Tooth hurt-y.,Dad Joke,icanhazdadjoke
MZ82EIB5hFd,Why did the melons plan a big wedding? Because they cantaloupe!,Dad Joke,icanhazdadjoke
GBscNZg3gib,"Why couldn't the lifeguard save the hippie? He was too far out, man.",Dad Joke,icanhazdadjoke
71wsPKeF6h,What did the dog say to the two trees? Bark bark.,Dad Joke,icanhazdadjoke
AQn3wPKeqrc,It was raining cats and dogs the other day. I almost stepped in a poodle.,Dad Joke,icanhazdadjoke
ZDAlOZgydxc,How many optometrists does it take to change a light bulb? 1 or 2? 1... or 2?,Dad Joke,icanhazdadjoke
fVv4MRuHBsc,How do robots eat guacamole? With computer chips.,Dad Joke,icanhazdadjoke
eqcpOf2EImb,To the person who stole my anti-depressant pills: I hope you're happy now.,Dad Joke,icanhazdadjoke
lV8hqHexHBd,Why did the worker get fired from the orange juice factory? Lack of concentration.,Dad Joke,icanhazdadjoke
JBIBImbMe,Did you hear the one about the giant pickle?  He was kind of a big dill.,Dad Joke,icanhazdadjoke
5TSnys4wPuc,"A girl once asked me what my heart desired, apparently blood, oxygen and neural messages were all wrong answers",Dad Joke,icanhazdadjoke
USnOZoORusc,The Swiss must've been pretty confident in their chances of victory if they included a corkscrew in their army knife.,Dad Joke,icanhazdadjoke
mOfqzdx51wc,Why do mathematicians hate the U.S.? Because it's indivisible.,Dad Joke,icanhazdadjoke
wsPKZozsc,Did you know you should always take an extra pair of pants golfing? Just in case you get a hole in one.,Dad Joke,icanhazdadjoke
S7MCtHBQuc,Ben & Jerry's really need to improve their operation. The only way to get there is down a rocky road.,Dad Joke,icanhazdadjoke
TSfFYT7EBd,Why can’t you hear a pterodactyl go to the bathroom? The p is silent.,Dad Joke,icanhazdadjoke
FYTv41LmbFd,You will never guess what Elsa did to the balloon. She let it go.,Dad Joke,icanhazdadjoke
FBQ7wskbMmb,"Want to hear a joke about construction? Nah, I'm still working on it.",Dad Joke,icanhazdadjoke
dibUSv4ojyd,What kind of award did the dentist receive? A little plaque.,Dad Joke,icanhazdadjoke
SvzIBAQS0Dd,What did the pirate say on his 80th birthday? Aye Matey!,Dad Joke,icanhazdadjoke
tHJtrrzP7wc,"Mahatma Gandhi, as you know, walked barefoot most of the time, which produced an impressive set of calluses on his feet. 
He also ate very little, which made him rather frail and with his odd diet, he suffered from bad breath. 
This made him a super calloused fragile mystic hexed by halitosis.",Dad Joke,icanhazdadjoke
QKJR79EIYDd,What do you call a girl between two posts? Annette.,Dad Joke,icanhazdadjoke
aFQZo49haxc,Why do cows wear bells? Because their horns don't work.,Dad Joke,icanhazdadjoke
5hVDAAIRKuc,What did the late tomato say to the early tomato? I’ll ketch up,Dad Joke,icanhazdadjoke
9xPCt411ojb,What did one snowman say to the other snow man? Do you smell carrot?,Dad Joke,icanhazdadjoke
kqcFBlGJYDd,You know what they say about cliffhangers...,Dad Joke,icanhazdadjoke
189xHQ7pOuc,What creature is smarter than a talking parrot? A spelling bee.,Dad Joke,icanhazdadjoke
hNu4oORnOmb,What do you call cheese by itself? Provolone.,Dad Joke,icanhazdadjoke
B5h311TS7h,I couldn't figure out how the seat belt worked. Then it just clicked.,Dad Joke,icanhazdadjoke
ZDAIRn39prc,Ever wondered why bees hum? It's because they don't know the words.,Dad Joke,icanhazdadjoke
i39hqWnGljb,When Dad drops a pea off of his plate ‘oh dear I’ve pee’d on the table!,Dad Joke,icanhazdadjoke
As4wsHtzd,"What's the difference between a hippo and a zippo? One is really heavy, the other is a little lighter.",Dad Joke,icanhazdadjoke
vPuzPfqOKe,Camping is intense.,Dad Joke,icanhazdadjoke
eFlVnrOClyd,I don’t play soccer because I enjoy the sport. I’m just doing it for kicks.,Dad Joke,icanhazdadjoke
JJ61L61Lusc,How many bones are in the human hand? A handful of them.,Dad Joke,icanhazdadjoke
TCA59hiiVvc,Yesterday a clown held a door open for me. I thought it was a nice jester.,Dad Joke,icanhazdadjoke
GlbxXg3TClb,"A woman is on trial for beating her husband to death with his guitar collection. Judge says, ‘First offender?’ She says, ‘No, first a Gibson! Then a Fender!’",Dad Joke,icanhazdadjoke
82wAAI6pbh,How many tickles does it take to tickle an octopus? Ten-tickles!,Dad Joke,icanhazdadjoke
4EBsPZvP7h,Some people eat light bulbs. They say it's a nice light snack.,Dad Joke,icanhazdadjoke
9pGJRSnbMCd,Why did the knife dress up in a suit? Because it wanted to look sharp,Dad Joke,icanhazdadjoke
nWvXSvHBd,"I hate perforated lines, they're tearable.",Dad Joke,icanhazdadjoke
iGQZDAIRZDd,Why did the burglar hang his mugshot on the wall? To prove that he was framed!,Dad Joke,icanhazdadjoke
jNCtkyIeNuc,"I broke my finger at work today, on the other hand I'm completely fine.",Dad Joke,icanhazdadjoke
ZDtzdFlqOf,Did you hear about the cow who jumped over the barbed wire fence? It was udder destruction.,Dad Joke,icanhazdadjoke
IexXD5TnGBd,"I knew a guy who collected candy canes, they were all in mint condition",Dad Joke,icanhazdadjoke
ykb2TSKRSnb,Why are giraffes so slow to apologize? Because it takes them a long time to swallow their pride.,Dad Joke,icanhazdadjoke
rjiyXLZTSf,What did the 0 say to the 8? Nice belt.,Dad Joke,icanhazdadjoke
HY08E6U0Dtc,"What's the difference between roast beef and pea soup. Anyone can roast beef, but nobody can pee soup.",Dad Joke,icanhazdadjoke
BsHtcN7hiqc,What do you give a sick lemon? Lemonaid.,Dad Joke,icanhazdadjoke
29ElG6p49pb,"Wife: Honey I’m pregnant.

Me: Well…. what do we do now?

Wife: Well, I guess we should go to a baby doctor.

Me: Hm.. I think I’d be a lot more comfortable going to an adult doctor.",Dad Joke,icanhazdadjoke
82TnORSK6wc,"Whenever the cashier at the grocery store asks my dad if he would like the milk in a bag he replies, ‘No, just leave it in the carton!’",Dad Joke,icanhazdadjoke
9hydxXgiiqc,My wife said I was immature. So I told her to get out of my fort.,Dad Joke,icanhazdadjoke
cUvsHt41gFd,"A man walked in to a bar with some asphalt on his arm. He said “Two beers please, one for me and one for the road.”",Dad Joke,icanhazdadjoke
J69x5hNZvzd,"I don't trust sushi, there's something fishy about it.",Dad Joke,icanhazdadjoke
VKe2gNCQnb,What do you call a group of killer whales playing instruments? An Orca-stra.,Dad Joke,icanhazdadjoke
3gibFB5Muzd,Why was the robot angry? Because someone kept pressing his buttons!,Dad Joke,icanhazdadjoke
cxXv4Elj3wc,Where do young cows eat lunch? In the calf-ateria.,Dad Joke,icanhazdadjoke
FQfxk39EBd,I asked my date to go to the gym the other day. They never showed up. That's when I knew we wouldn't work out.,Dad Joke,icanhazdadjoke
C5TKmb21ojb,"I tried to milk a cow today, but was unsuccessful. Udder failure.",Dad Joke,icanhazdadjoke
iGJeVKmWDlb,"My cat was just sick on the carpet, I don’t think it’s feline well.",Dad Joke,icanhazdadjoke
0DQKB51oGlb,What did one nut say as he chased another nut?  I'm a cashew!,Dad Joke,icanhazdadjoke
ljqzkVKJtrc,How do you get two whales in a car? Start in England and drive West.,Dad Joke,icanhazdadjoke
7Ufi31gydFd,What did the mountain climber name his son? Cliff.,Dad Joke,icanhazdadjoke
08xHQCdx5Ed,Why didn’t the skeleton cross the road? Because he had no guts.,Dad Joke,icanhazdadjoke
OfNmyI6Ed,Why did the cookie cry? It was feeling crumby.,Dad Joke,icanhazdadjoke
zsHBljyk3wc,Have you heard about corduroy pillows?  They're making headlines!,Dad Joke,icanhazdadjoke
Z8p4MeaaFBd,"How many seconds are in a year?
12.
January 2nd, February 2nd, March 2nd, April 2nd.... etc",Dad Joke,icanhazdadjoke
PmyXSfxHBd,Did you know crocodiles could grow up to 15 feet? But most just have 4.,Dad Joke,icanhazdadjoke
89pzsHtW8pb,My boss told me to attach two pieces of wood together... I totally nailed it!,Dad Joke,icanhazdadjoke
CAlG6MRnWnb,"I just got fired from a florist, apparently I took too many leaves.",Dad Joke,icanhazdadjoke
pzkbpORS7wc,Parallel lines have so much in common. It’s a shame they’ll never meet.,Dad Joke,icanhazdadjoke
QfiyAAlbpzd,What do you call a criminal going down the stairs? Condescending,Dad Joke,icanhazdadjoke
0DtrrOZDlyd,"Chances are if you' ve seen one shopping center, you've seen a mall.",Dad Joke,icanhazdadjoke
FdNZTnWvHBd,"I’ve just been reading a book about anti-gravity, it’s impossible to put down!",Dad Joke,icanhazdadjoke
TKRSCIBIBsc,Whats a penguins favorite relative? Aunt Arctica.,Dad Joke,icanhazdadjoke
RuHYTSvzsrc,My wife told me to rub the herbs on the meat for better flavor. That's sage advice.,Dad Joke,icanhazdadjoke
o4MexXSClb,"What did the judge say to the dentist? Do you swear to pull the tooth, the whole tooth and nothing but the tooth?",Dad Joke,icanhazdadjoke
1Dt4M7Ufaxc,Slept like a log last night … woke up in the fireplace.,Dad Joke,icanhazdadjoke
oOR7hFdx5Ed,I wouldn't buy anything with velcro. It's a total rip-off.,Dad Joke,icanhazdadjoke
wXDIB5h3wc,I used to have a job at a calendar factory but I got the sack because I took a couple of days off.,Dad Joke,icanhazdadjoke
qrOfN7w5ojb,A cannibal is someone who is fed up with people.,Dad Joke,icanhazdadjoke
1DQZvXvX8Ed,My first time using an elevator was an uplifting experience. The second time let me down.,Dad Joke,icanhazdadjoke
1oGYLu4T7Ed,Why is Peter Pan always flying? Because he Neverlands.,Dad Joke,icanhazdadjoke
3w5wAIRZTnb,A police officer caught two kids playing with a firework and a car battery. He charged one and let the other one off.,Dad Joke,icanhazdadjoke
UfxAIm3wkjb,Why are ghosts bad liars? Because you can see right through them!,Dad Joke,icanhazdadjoke
18h3wcU8xAd,Why did the kid cross the playground? To get to the other slide.,Dad Joke,icanhazdadjoke
cp4TCdahqc,"I got fired from a florist, apparently I took too many leaves.",Dad Joke,icanhazdadjoke
GYTCA5TKZvc,It takes guts to be an organ donor.,Dad Joke,icanhazdadjoke
5hyP79pOCd,"I have kleptomania, but when it gets bad, I take something for it.",Dad Joke,icanhazdadjoke
9pOR7pzItrc,How do you make a water bed more bouncy. You use Spring Water,Dad Joke,icanhazdadjoke
eiiVvH6MCd,Did you hear about the submarine industry? It really took a dive...,Dad Joke,icanhazdadjoke
yX821Lusrrc,What's the difference between a poorly dressed man on a tricycle and a well dressed man on a bicycle? Attire.,Dad Joke,icanhazdadjoke
Y0LZ0Ddxcib,What is worse then finding a worm in your Apple? Finding half a worm in your Apple.,Dad Joke,icanhazdadjoke
jyPCYTKuskb,How did Darth Vader know what Luke was getting for Christmas? He felt his presents.,Dad Joke,icanhazdadjoke
7hNuz5MeVnb,What kind of dinosaur loves to sleep? A stega-snore-us.,Dad Joke,icanhazdadjoke
xcFBQClq4wc,A butcher accidentally backed into his meat grinder and got a little behind in his work that day.,Dad Joke,icanhazdadjoke
gNRnWvzdiib,"Sgt.: Commissar! Commissar! The troops are revolting! Commissar: Well, you’re pretty repulsive yourself.",Dad Joke,icanhazdadjoke
X0wkGJtPKuc,Why do ducks make great detectives? They always quack the case.,Dad Joke,icanhazdadjoke
1TfNRKexAd,I’m only familiar with 25 letters in the English language. I don’t know why.,Dad Joke,icanhazdadjoke
SnOf2gqjiqc,Why are pirates called pirates? Because they arrr!,Dad Joke,icanhazdadjoke
nWSfiNeVKBd,"Did you know Albert Einstein was a real person? All this time, I thought he was just a theoretical physicist!",Dad Joke,icanhazdadjoke
NRZTSnykqjb,Where do you take someone who’s been injured in a peek-a-boo accident? To the I.C.U.,Dad Joke,icanhazdadjoke
TvPfV8prOuc,"What's the worst part about being a cross-eyed teacher?

They can't control their pupils.",Dad Joke,icanhazdadjoke
51DAA5Tfaxc,What did Romans use to cut pizza before the rolling cutter was invented? Lil Caesars,Dad Joke,icanhazdadjoke
uPu4MRZLmrc,Want to hear a chimney joke? Got stacks of em! First one's on the house,Dad Joke,icanhazdadjoke
gFtrHYoWnjb,How do you make a hankie dance? Put a little boogie in it.,Dad Joke,icanhazdadjoke
31wHeNJB5ob,"My son is studying to be a surgeon, I just hope he makes the cut.",Dad Joke,icanhazdadjoke
scUvsrORKe,"I asked a frenchman if he played video games. He said ""Wii""",Dad Joke,icanhazdadjoke
obhFBljb2g,I adopted my dog from a blacksmith. As soon as we got home he made a bolt for the door.,Dad Joke,icanhazdadjoke
dpGtcxPKuzd,Do you know where you can get chicken broth in bulk? The stock market.,Dad Joke,icanhazdadjoke
NmbFtH69hFd,"Our wedding was so beautiful, even the cake was in tiers.",Dad Joke,icanhazdadjoke
AIm3w5hiyd,Why did the tree go to the dentist? It needed a root canal.,Dad Joke,icanhazdadjoke
RC51wcNRClb,Two dyslexics walk into a bra.,Dad Joke,icanhazdadjoke
4wszdpW8pjb,What do you get when you cross a pig and a pineapple? A porky pine,Dad Joke,icanhazdadjoke
apjVK6pr4wc,Why is it a bad idea to iron your four-leaf clover? Cause you shouldn't press your luck.,Dad Joke,icanhazdadjoke
trjG61Dlqzd,"Why was Santa's little helper feeling depressed? Because he has low elf esteem.
",Dad Joke,icanhazdadjoke
TvPf2gyAdxc,"Why does Norway have barcodes on their battleships? So when they get back to port, they can Scandinavian.",Dad Joke,icanhazdadjoke
mGeFlykbFBd,What do you call a sheep with no legs? A cloud.,Dad Joke,icanhazdadjoke
diNuky5M7pb,We all know where the Big Apple is but does anyone know where the Minneapolis?,Dad Joke,icanhazdadjoke
8U0TClqOZDd,"What was the pumpkin’s favorite sport?

Squash.",Dad Joke,icanhazdadjoke
ea2TnGBXnrc,They laughed when I said I wanted to be a comedian – they’re not laughing now.,Dad Joke,icanhazdadjoke
oGY0wsWnysc,You can't trust a ladder. It will always let you down,Dad Joke,icanhazdadjoke
WgFY82ozsrc,R.I.P. boiled water. You will be mist.,Dad Joke,icanhazdadjoke
5M7hF6EItzd,My pet mouse 'Elvis' died last night. He was caught in a trap..,Dad Joke,icanhazdadjoke
kqrjNmbxcxc,"Someone asked me, what's the ninth letter of the alphabet? It was a complete guess, but I was right.",Dad Joke,icanhazdadjoke
EtzscNuk3Ed,"Why don't you find hippopotamuses hiding in trees?
They're really good at it.",Dad Joke,icanhazdadjoke
WSKe2ojiNe,"I used to hate facial hair, but then it grew on me.",Dad Joke,icanhazdadjoke
0ozAXv4Mmjb,Why did the tomato blush? Because it saw the salad dressing.,Dad Joke,icanhazdadjoke
yP7MRucFQCd,Did you hear about the guy who invented Lifesavers? They say he made a mint.,Dad Joke,icanhazdadjoke
XgaMuPucNe,Pie is $2.50 in Jamaica and $3.00 in The Bahamas. These are the pie-rates of the Caribbean.,Dad Joke,icanhazdadjoke
s49h3ElVnrc,"I burned 2000 calories today, I left my food in the oven for too long.",Dad Joke,icanhazdadjoke
BdxHQZ0TCd,Can a kangaroo jump higher than the Empire State Building? Of course. The Empire State Building can't jump.,Dad Joke,icanhazdadjoke
A5ozsH6pWnb,What do you call a troublesome Canadian high schooler? A poutine.,Dad Joke,icanhazdadjoke
jGJJYLJtrzd,Why do we tell actors to “break a leg?” Because every play has a cast.,Dad Joke,icanhazdadjoke
VnysHtWvkqc,"Geology rocks, but Geography is where it's at!",Dad Joke,icanhazdadjoke
eiyAXnWS0g,The biggest knight at King Arthur's round table was Sir Cumference. He acquired his size from eating too much pi.,Dad Joke,icanhazdadjoke
nWDdFdFYLuc,"Have you heard about the film ""Constipation"", you probably haven't because it's not out yet.",Dad Joke,icanhazdadjoke
fiyPR7wPZDd,When does a joke become a dad joke? When it becomes apparent.,Dad Joke,icanhazdadjoke
Zv4wHQuXgyd,How do you tell the difference between a crocodile and an alligator? You will see one later and one in a while.,Dad Joke,icanhazdadjoke
cxcpGeiyAd,I went to the doctor today and he told me I had type A blood but it was a type O.,Dad Joke,icanhazdadjoke
szItcaFQnjb,Why was the broom late for the meeting? He overswept.,Dad Joke,icanhazdadjoke
AsrrcprjNCd,What concert costs only 45 cents? 50 cent featuring Nickelback.,Dad Joke,icanhazdadjoke
b21gqORfNe,"I accidentally drank a bottle of invisible ink. Now I’m in hospital, waiting to be seen.",Dad Joke,icanhazdadjoke
exH6pOuzXDd,How do you get a baby alien to sleep?  You rocket.,Dad Joke,icanhazdadjoke
xc21Lmbxcib,How did the hipster burn the roof of his mouth? He ate the pizza before it was cool.,Dad Joke,icanhazdadjoke
HlGlbFdiqjb,Why don't eggs tell jokes? They'd crack each other up,Dad Joke,icanhazdadjoke
WD5oWLuXgFd,"I used to work at a stationery store.  But, I didn't feel like I was going anywhere.

So, I got a job at a travel agency.  Now, I know I'll be going places.",Dad Joke,icanhazdadjoke
HlbFQ71wkyd,"I just broke my guitar. It's okay, I won't fret",Dad Joke,icanhazdadjoke
pWn31TCQ7pb,What do you call a duck that gets all A's? A wise quacker.,Dad Joke,icanhazdadjoke
m3wPZoz51ob,Did you hear the news? FedEx and UPS are merging. They’re going to go by the name Fed-Up from now on.,Dad Joke,icanhazdadjoke
PuskbxcpWnb,"In the news a courtroom artist was arrested today, I'm not surprised, he always seemed sketchy.",Dad Joke,icanhazdadjoke
AAIYo4MJmrc,A magician was driving down the street and then he turned into a driveway.,Dad Joke,icanhazdadjoke
wHYgNmrcxc,I started a new business making yachts in my attic this year...the sails are going through the roof,Dad Joke,icanhazdadjoke
jNmykbUSSvc,"I went to a book store and asked the saleswoman where the Self Help section was, she said if she told me it would defeat the purpose.",Dad Joke,icanhazdadjoke
Elb2wkbx5wc,Scientists finally did a study on forks. It's about tine!,Dad Joke,icanhazdadjoke
H6pWvHQKJe,"Guy told me today he did not know what cloning is. I told him, ""that makes 2 of us.""",Dad Joke,icanhazdadjoke
scaFQfFlqjb,"My dentist is the best, he even has a little plaque!",Dad Joke,icanhazdadjoke
zkO7wHJmrc,What did the calculator say to the student? You can count on me.,Dad Joke,icanhazdadjoke
prWDIBdiGlb,I just wrote a book on reverse psychology. Do not read it!,Dad Joke,icanhazdadjoke
pzsrrcU08pb,The best time on a clock is 6:30--hands down.,Dad Joke,icanhazdadjoke
Z82wXvsrrzd,"My friend keeps telling me ""Cheer up. You aren't stuck in a deep hole in the ground, filled with water.""
I know he means well.",Dad Joke,icanhazdadjoke
bxXLeqzP7wc,Americans can't switch from pounds to kilograms overnight. That would cause mass confusion.,Dad Joke,icanhazdadjoke
Lmjqzsr49pb,What did the Zen Buddist say to the hotdog vendor? Make me one with everything.,Dad Joke,icanhazdadjoke
scpGtcNJJBd,What do Alexander the Great and Winnie the Pooh have in common? Same middle name.,Dad Joke,icanhazdadjoke
eVKRZTKeiib,"A man is washing the car with his son. The son asks...... ""Dad, can’t you just use a sponge?""",Dad Joke,icanhazdadjoke
fNeVDI6USnb,"I made a playlist for hiking. It has music from Peanuts, The Cranberries, and Eminem. I call it my Trail Mix.",Dad Joke,icanhazdadjoke
7MRuzIYgaFd,"If a child refuses to sleep during nap time, are they guilty of resisting a rest?",Dad Joke,icanhazdadjoke
4TKukj3gyAd,"Yesterday, I accidentally swallowed some food coloring. The doctor says I’m okay, but I feel like I’ve dyed a little inside.",Dad Joke,icanhazdadjoke
W82EtW01wkb,What happens when you anger a brain surgeon? They will give you a piece of your mind.,Dad Joke,icanhazdadjoke
IeiyIRSnbxc,"I applied to be a doorman but didn't get the job due to lack of experience. That surprised me, I thought it was an entry level position.",Dad Joke,icanhazdadjoke
m3E69pbhaFd,"I gave all my dead batteries away today, free of charge.",Dad Joke,icanhazdadjoke
18Elj3EIYvc,I'll tell you what often gets over looked... garden fences.,Dad Joke,icanhazdadjoke
MCYLZ0wAsc,I saw a documentary on TV last night about how they put ships together.  It was rivetting.,Dad Joke,icanhazdadjoke
LRnGeVfiNe,Today a man knocked on my door and asked for a small donation towards the local swimming pool. I gave him a glass of water.,Dad Joke,icanhazdadjoke
6U0DIBAlbxc,"If at first you don't succeed, sky diving is not for you!",Dad Joke,icanhazdadjoke
3oG6UvX82g,Which is the fastest growing city in the world? Dublin',Dad Joke,icanhazdadjoke
DIeaUDlbUDd,“My Dog has no nose.” “How does he smell?” “Awful”,Dad Joke,icanhazdadjoke
WvHJJ61obFd,Why is the ocean always blue? Because the shore never waves back.,Dad Joke,icanhazdadjoke
WvsHlyszkyd,Why did the man put his money in the freezer? He wanted cold hard cash!,Dad Joke,icanhazdadjoke
MeqOZgV8MCd,"Every morning when I go out, I get hit by bicycle. Every morning!  It's a vicious cycle.",Dad Joke,icanhazdadjoke
0189hNRf2g,I'm tired of following my dreams. I'm just going to ask them where they are going and meet up with them later.,Dad Joke,icanhazdadjoke
N7pWvcxsHBd,What happens to a frog's car when it breaks down? It gets toad.,Dad Joke,icanhazdadjoke
82gqciGBdFd,"I used to be addicted to the hokey pokey, but I turned myself around.",Dad Joke,icanhazdadjoke
Dd2EY018Me,What do bees do after they are married? They go on a honeymoon.,Dad Joke,icanhazdadjoke
XgiydUKu4Ed,What do you call a fish wearing a bowtie? Sofishticated.,Dad Joke,icanhazdadjoke
7p41Lmbpjqc,What has three letters and starts with gas? A Car.,Dad Joke,icanhazdadjoke
6EdFBAsrcpb,How do you find Will Smith in the snow?  Look for fresh prints.,Dad Joke,icanhazdadjoke
d21DAXSCljb,How does a French skeleton say hello? Bone-jour.,Dad Joke,icanhazdadjoke
EBAsPfiNuzd,What did one plate say to the other plate? Dinner is on me!,Dad Joke,icanhazdadjoke
EYoz51DtHtc,What do computers and air conditioners have in common? They both become useless when you open windows.,Dad Joke,icanhazdadjoke
82wHlbaapzd,"Me: If humans lose the ability to hear high frequency volumes as they get older, can my 4 week old son hear a dog whistle?

Doctor: No, humans can never hear that high of a frequency no matter what age they are.

Me: Trick question... dogs can't whistle.",Dad Joke,icanhazdadjoke
i31LeNRuzAd,Why did the chicken get a penalty? For fowl play.,Dad Joke,icanhazdadjoke
0LuXvkq4Muc,"I knew I shouldn't steal a mixer from work, but it was a whisk I was willing to take.",Dad Joke,icanhazdadjoke
A5189xcFIBd,"""Dad, do you think it's going to snow this winter?"" ""I dont know, its all up in the air""",Dad Joke,icanhazdadjoke
99UDQZgyIBd,"Two satellites decided to get married. The wedding wasn't much, but the reception was incredible.",Dad Joke,icanhazdadjoke
SSCQCdi39Ed,Did you hear about the cheese factory that exploded in France? There was nothing left but de Brie.,Dad Joke,icanhazdadjoke
iq4hVD599pb,"Doctor you've got you help me, I'm addicted to twitter. Doctor: I don't follow you.",Dad Joke,icanhazdadjoke
6UnrOmrzImb,"What did the drummer name her twin daughters? Anna One, Anna Two...",Dad Joke,icanhazdadjoke
O7haxA5Tfxc,"Where do cats write notes?
Scratch Paper!",Dad Joke,icanhazdadjoke
caxscaMRnjb,Did you know the first French fries weren't actually cooked in France? They were cooked in Greece.,Dad Joke,icanhazdadjoke
AI6hiGtzAd,Where do bees go to the bathroom?  The BP station.,Dad Joke,icanhazdadjoke
8hFYojqz5h,Why don't skeletons ride roller coasters? They don't have the stomach for it.,Dad Joke,icanhazdadjoke
ucapjGQZTf,What do you call a pig that knows karate? A pork chop!,Dad Joke,icanhazdadjoke
DtcaMmWDImb,Why did Dracula lie in the wrong coffin? He made a grave mistake.,Dad Joke,icanhazdadjoke
9pjqj3gqWDd,"In my career as a lumberjack I cut down exactly 52,487 trees. I know because I kept a log.",Dad Joke,icanhazdadjoke
dp4Tfqciiib,"Got a new suit recently made entirely of living plants. I wasn’t sure at first, but it’s grown on me",Dad Joke,icanhazdadjoke
AXnrrcNmyAd,Why do bananas have to put on sunscreen before they go to the beach? Because they might peel!,Dad Joke,icanhazdadjoke
wcxHJBl3gFd,I am terrified of elevators. I’m going to start taking steps to avoid them.,Dad Joke,icanhazdadjoke
mO7hqWvsPCd,"My wife is on a tropical fruit diet, the house is full of stuff. It is enough to make a mango crazy.",Dad Joke,icanhazdadjoke
BAdU0DAlVvc,What do you call a dad that has fallen through the ice? A Popsicle.,Dad Joke,icanhazdadjoke
8prWvkOf2Ed,"What's the difference between a guitar and a fish? You can tune a guitar but you can't ""tuna"" fish!",Dad Joke,icanhazdadjoke
NRuHJYgaUDd,"How many hipsters does it take to change a lightbulb? Oh, it's a really obscure number. You've probably never heard of it.",Dad Joke,icanhazdadjoke
Ht49xX8xXDd,It's only a murder of crows if there's probable caws.,Dad Joke,icanhazdadjoke
JmjbxkGJBAd,"Egyptians claimed to invent the guitar, but they were such lyres.﻿",Dad Joke,icanhazdadjoke
szXDA59U0wc,I went on a date last night with a girl from the zoo. It was great. She’s a keeper.,Dad Joke,icanhazdadjoke
6MCYoGB5Tf,My sister bet me $15 that I couldn't build a car out of spaghetti. You should have seen the look on her face as I drove pasta.,Dad Joke,icanhazdadjoke
49xPmW82g,I went to a Foo Fighters Concert once... It was Everlong...,Dad Joke,icanhazdadjoke
HYgiVDAscFd,People are making apocalypse jokes like there’s no tomorrow.,Dad Joke,icanhazdadjoke
EIJmGY8Etrc,"Doctor: Do you want to hear the good news or the bad news?
Patient: Good news please.
Doctor: we're naming a disease after you.",Dad Joke,icanhazdadjoke
FlbUKuPZob,Have you ever seen fruit preserves being made? It's jarring.,Dad Joke,icanhazdadjoke
M7wPC5wPKBd,Did you hear the one about the guy with the broken hearing aid? Neither did he.,Dad Joke,icanhazdadjoke
KBsrz5ws4Ed,Why are fish easy to weigh? Because they have their own scales.,Dad Joke,icanhazdadjoke
ZoGQuXgV0ob,What do you call your friend who stands in a hole? Phil.,Dad Joke,icanhazdadjoke
xXg3LZLZDd,"*Reversing the car* ""Ah, this takes me back""",Dad Joke,icanhazdadjoke
4Elysrzs4wc,What's the difference between a rooster and a crow? A rooster can crow but a crow cannot rooster.,Dad Joke,icanhazdadjoke
2giGYLeiGe,Hear about the new restaurant called Karma? There’s no menu: You get what you deserve.,Dad Joke,icanhazdadjoke
Q7USCAXLZob,I wanted to be a tailor but I didn't suit the job,Dad Joke,icanhazdadjoke
M7ElyAQCAd,How was the snow globe feeling after the storm? A little shaken.,Dad Joke,icanhazdadjoke
3LmyXvsPfqc,I don't trust stairs. They're always up to something.,Dad Joke,icanhazdadjoke
F6M7ElOZTvc,what happens when you cross a sheep with a kangaroo ? A woolly jumper!,Dad Joke,icanhazdadjoke
ysHQZvcpbFd,"""Dad, I'm hungry."" Hello, Hungry. I'm Dad.",Dad Joke,icanhazdadjoke
xXvzXga21wc,How do locomotives know where they're going? Lots of training,Dad Joke,icanhazdadjoke
21DQnbaaxc,Whoever invented the knock-knock joke should get a no bell prize.,Dad Joke,icanhazdadjoke
FImyA5EIBAd,"Did you hear about the kidnapping at school? It's ok, he woke up.",Dad Joke,icanhazdadjoke
X8pWSKJRZg,What does a clock do when it's hungry? It goes back four seconds!,Dad Joke,icanhazdadjoke
Tvcah31oWvc,What do you call a fashionable lawn statue with an excellent sense of rhythmn? A metro-gnome,Dad Joke,icanhazdadjoke
ItWSnbUfVnb,Why did the teddy bear say “no” to dessert? Because she was stuffed.,Dad Joke,icanhazdadjoke
iGlOClqrrrc,I dreamed about drowning in an ocean made out of orange soda last night. It took me a while to work out it was just a Fanta sea.,Dad Joke,icanhazdadjoke
CdUnOKeiqzd,which flower is most fierce? Dandelion,Dad Joke,icanhazdadjoke
YvkV8xXnjyd,Why did the cowboy have a weiner dog? Somebody told him to get a long little doggy.,Dad Joke,icanhazdadjoke
daaUfibh,Why was the big cat disqualified from the race? Because it was a cheetah.,Dad Joke,icanhazdadjoke
t4MJRuXDIe,Why do you never see elephants hiding in trees? Because they're so good at it.,Dad Joke,icanhazdadjoke
ozsPmORZvzd,"A bartender broke up with her boyfriend, but he kept asking her for another shot.",Dad Joke,icanhazdadjoke
YLm39E6pjqc,What do vegetarian zombies eat? Grrrrrainnnnnssss.,Dad Joke,icanhazdadjoke
vPuzAd299pb,How come a man driving a train got struck by lightning? He was a good conductor.,Dad Joke,icanhazdadjoke
Zg31orrz5Ed,I was shocked when I was diagnosed as colorblind... It came out of the purple.,Dad Joke,icanhazdadjoke
official_0,"If you put a million monkeys at a million keyboards, one of them will eventually write a Java program the rest of them will write Perl",programming,official_joke_api
official_1,What is the least spoken language in the world? Sign Language,general,official_joke_api
official_2,Why don't skeletons fight each other? They don't have the guts.,general,official_joke_api
official_4,How many programmers does it take to change a lightbulb? None that's a hardware problem,programming,official_joke_api
official_5,"Hey, dad, did you get a haircut? No, I got them all cut.",general,official_joke_api
official_7,Why didn't the skeleton go for prom? Because it had nobody.,general,official_joke_api
official_8,"What's the difference between a guitar and a fish? You can tune a guitar but you can't ""tuna""fish!",general,official_joke_api
official_9,"How does a train eat? It goes chew, chew",general,official_joke_api
official_10,Why did the programmer's wife leave him? He didn't know how to commit.,programming,official_joke_api
official_11,What musical instrument is found in the bathroom? A tuba toothpaste.,general,official_joke_api
official_14,What do you call an elephant that doesn’t matter? An irrelephant.,general,official_joke_api
official_17,Why couldn't the bicycle stand up by itself? It was two-tired.,general,official_joke_api
official_18,Why are mummys scared of vacation? They're afraid to unwind.,general,official_joke_api
official_19,Why did the developer go broke buying Bitcoin? He kept calling it bytecoin and didn't get any.,programming,official_joke_api
official_20,How do you find Will Smith in the snow? Look for fresh prints.,general,official_joke_api
official_21,"A grocery store cashier asked if I would like my milk in a bag. I told her 'No, thanks. The carton works fine.'",general,official_joke_api
official_22,"What did the spaghetti say to the other spaghetti? Pasta la vista, baby!",general,official_joke_api
official_23,What kind of bagel can fly? A plain bagel.,general,official_joke_api
official_25,"What is a centipedes's favorite Beatle song? I want to hold your hand, hand, hand, hand...",general,official_joke_api
official_28,What do you call a bee that can't make up its mind? A maybe.,general,official_joke_api
official_29,"3 SQL statements walk into a NoSQL bar. Soon, they walk out They couldn't find a table.",programming,official_joke_api
official_35,What do you call a cow with no legs? Ground beef!,general,official_joke_api
official_38,did you know the first French fries weren't cooked in France? they were cooked in Greece,general,official_joke_api
official_40,"A ham sandwhich walks into a bar and orders a beer. The bartender says... I'm sorry, we don't serve food here",general,official_joke_api
official_43,What do you call a bear with no teeth? A gummy bear!,general,official_joke_api
official_44,How do you make holy water? You boil the hell out of it,general,official_joke_api
official_45,What do you call fake spaghetti? An impasta.,general,official_joke_api
official_46,While I was sleeping my friends decided to write math equations on me. You should have seen the expression on my face when I woke up.,general,official_joke_api
official_49,"I got hit in the head by a soda can, but it didn't hurt that much... It was a soft drink.",general,official_joke_api
official_51,Why is peter pan always flying? Because he neverlands,general,official_joke_api
official_52,I just watched a documentary about beavers. It was the best dam show I ever saw,general,official_joke_api
official_54,Why did the programmer bring a broom to work? To clean up all the bugs.,programming,official_joke_api
official_56,What happens to a frog's car when it breaks down? It gets toad away,general,official_joke_api
official_57,How do you comfort a designer? You give them some space... between the elements.,programming,official_joke_api
official_62,What do you call a singing Laptop? A Dell,general,official_joke_api
official_64,What biscuit does a short person like? Shortbread. ,general,official_joke_api
official_66,Did you hear about the crime in the parking garage? It was wrong on so many levels.,general,official_joke_api
official_67,How do you check if a webpage is HTML5? Try it out on Internet Explorer,programming,official_joke_api
official_74,Did you hear about the two silk worms in a race? It ended in a tie.,general,official_joke_api
official_75,What do you get when you cross a React developer with a mathematician? A function component.,programming,official_joke_api
official_78,What do you call a monkey in a mine field? A babooooom!,general,official_joke_api
official_80,Why did the developer go broke? They kept spending all their cache.,programming,official_joke_api
official_81,I was gonna tell you a joke about UDP... ...but you might not get it.,programming,official_joke_api
official_85,How do you make a tissue dance? You put a little boogie on it.,general,official_joke_api
official_87,Why don't React developers like nature? They prefer the virtual DOM.,programming,official_joke_api
official_88,Have you ever heard of a music group called Cellophane? They mostly wrap.,general,official_joke_api
official_90,"What's the best thing about a Boolean? Even if you're wrong, you're only off by a bit.",programming,official_joke_api
official_95,Where does batman go to the bathroom? The batroom.,general,official_joke_api
official_96,"A weasel walks into a bar. The bartender says, ""Wow, I've never served a weasel before. What can I get for you?"" Pop,goes the weasel.",general,official_joke_api
official_97,Why do bees hum? Because they don't know the words.,general,official_joke_api
official_102,To understand what recursion is... You must first understand what recursion is,programming,official_joke_api
official_103,Why do choirs keep buckets handy? So they can carry their tune,general,official_joke_api
official_104,"Can I watch the TV? Yes, but don’t turn it on.",general,official_joke_api
official_108,Why are “Dad Jokes” so good? Because the punchline is apparent.,general,official_joke_api
official_110,What did Michael Jackson name his denim store? Billy Jeans!,general,official_joke_api
official_111,Who did the wizard marry? His ghoul-friend,general,official_joke_api
official_113,Did you hear about the hungry clock? It went back four seconds.,general,official_joke_api
official_116,Why did the private classes break up? Because they never saw each other.,programming,official_joke_api
official_122,What do you call an old snowman? Water.,general,official_joke_api
official_123,Why did the cookie cry? Because his mother was a wafer so long,general,official_joke_api
official_126,"My older brother always tore the last pages of my comic books, and never told me why. I had to draw my own conclusions.",general,official_joke_api
official_127,What goes after USA? USB.,programming,official_joke_api
official_128,"What do you do when you see a space man? Park your car, man.",general,official_joke_api
official_132,What is the most used language in programming? Profanity.,programming,official_joke_api
official_133,An IPv6 packet is walking out of the house. He goes nowhere.,programming,official_joke_api
official_135,How many kids with ADD does it take to change a lightbulb? Let's go ride bikes!,general,official_joke_api
official_136,How does a dyslexic poet write? Inverse.,general,official_joke_api
official_138,I couldn't get a reservation at the library... They were fully booked.,general,official_joke_api
official_139,What do you call a computer mouse that swears a lot? A cursor!,programming,official_joke_api
official_141,What is the leading cause of dry skin? Towels,general,official_joke_api
official_143,"A SQL query walks into a bar, walks up to two tables and asks... 'Can I join you?'",programming,official_joke_api
official_144,Why did the developer go to therapy? They had too many unresolved issues.,programming,official_joke_api
official_146,What's the best time to go to the dentist? Tooth hurty.,general,official_joke_api
official_148,A termite walks into a bar and says... 'Where is the bar tended?',general,official_joke_api
official_151,Why did the chicken cross the playground? To get to the other slide.,general,official_joke_api
official_157,"What’s the advantage of living in Switzerland? Well, the flag is a big plus.",general,official_joke_api
official_160,What kind of tree fits in your hand? A palm tree!,general,official_joke_api
official_162,What does the mermaid wear to math class? Algae-bra.,general,official_joke_api
official_163,"A programmer puts two glasses on his bedside table before going to sleep. A full one, in case he gets thirsty, and an empty one, in case he doesn’t.",programming,official_joke_api
official_164,"Want to hear my pizza joke? Never mind, it's too cheesy.",general,official_joke_api
official_165,Why did the invisible man turn down the job offer? He couldn't see himself doing it,general,official_joke_api
official_167,What did the fish say when it hit the wall? Dam.,general,official_joke_api
official_172,"Why can't you use ""Beef stew""as a password? Because it's not stroganoff.",general,official_joke_api
official_178,The punchline often arrives before the set-up. Do you know the problem with UDP jokes?,programming,official_joke_api
official_181,Why do programmers prefer dark chocolate? Because it's bitter like their code.,programming,official_joke_api
official_184,What do you call a factory that sells passable products? A satisfactory,general,official_joke_api
official_185,A user interface is like a joke. If you have to explain it then it is not that good.,programming,official_joke_api
official_186,"What's the best thing about Switzerland? I don't know, but their flag is a big plus.",general,official_joke_api
official_187,What does a pirate pay for his corn? A buccaneer!,general,official_joke_api
official_188,Why was the developer always calm? Because they knew how to handle exceptions.,general,official_joke_api
official_194,Why do Java programmers wear glasses? Because they don't C#.,programming,official_joke_api
official_196,Where did the API go to eat? To the RESTaurant.,programming,official_joke_api
